"","PassengerId","Survived","Pclass","Sex","Age","Ticket","Fare","Embarked","FamilySize"
"1",1,"0","3","male",22,"A/5 21171",7.25,"S",2
"2",2,"1","1","female",38,"PC 17599",71.2833,"C",2
"3",3,"1","3","female",26,"STON/O2. 3101282",7.925,"S",1
"4",4,"1","1","female",35,"113803",53.1,"S",2
"5",5,"0","3","male",35,"373450",8.05,"S",1
"6",6,"0","3","male",29,"330877",8.4583,"Q",1
"7",7,"0","1","male",54,"17463",51.8625,"S",1
"8",8,"0","3","male",2,"349909",21.075,"S",5
"9",9,"1","3","female",27,"347742",11.1333,"S",3
"10",10,"1","2","female",14,"237736",30.0708,"C",2
"11",11,"1","3","female",4,"PP 9549",16.7,"S",3
"12",12,"1","1","female",58,"113783",26.55,"S",1
"13",13,"0","3","male",20,"A/5. 2151",8.05,"S",1
"14",14,"0","3","male",39,"347082",31.275,"S",7
"15",15,"0","3","female",14,"350406",7.8542,"S",1
"16",16,"1","2","female",55,"248706",16,"S",1
"17",17,"0","3","male",2,"382652",29.125,"Q",6
"18",18,"1","2","male",29,"244373",13,"S",1
"19",19,"0","3","female",31,"345763",18,"S",2
"20",20,"1","3","female",29,"2649",7.225,"C",1
"21",21,"0","2","male",35,"239865",26,"S",1
"22",22,"1","2","male",34,"248698",13,"S",1
"23",23,"1","3","female",15,"330923",8.0292,"Q",1
"24",24,"1","1","male",28,"113788",35.5,"S",1
"25",25,"0","3","female",8,"349909",21.075,"S",5
"26",26,"1","3","female",38,"347077",31.3875,"S",7
"27",27,"0","3","male",29,"2631",7.225,"C",1
"28",28,"0","1","male",19,"19950",263,"S",6
"29",29,"1","3","female",29,"330959",7.8792,"Q",1
"30",30,"0","3","male",29,"349216",7.8958,"S",1
"31",31,"0","1","male",40,"PC 17601",27.7208,"C",1
"32",32,"1","1","female",29,"PC 17569",146.5208,"C",2
"33",33,"1","3","female",29,"335677",7.75,"Q",1
"34",34,"0","2","male",66,"C.A. 24579",10.5,"S",1
"35",35,"0","1","male",28,"PC 17604",82.1708,"C",2
"36",36,"0","1","male",42,"113789",52,"S",2
"37",37,"1","3","male",29,"2677",7.2292,"C",1
"38",38,"0","3","male",21,"A./5. 2152",8.05,"S",1
"39",39,"0","3","female",18,"345764",18,"S",3
"40",40,"1","3","female",14,"2651",11.2417,"C",2
"41",41,"0","3","female",40,"7546",9.475,"S",2
"42",42,"0","2","female",27,"11668",21,"S",2
"43",43,"0","3","male",29,"349253",7.8958,"C",1
"44",44,"1","2","female",3,"SC/Paris 2123",41.5792,"C",4
"45",45,"1","3","female",19,"330958",7.8792,"Q",1
"46",46,"0","3","male",29,"S.C./A.4. 23567",8.05,"S",1
"47",47,"0","3","male",29,"370371",15.5,"Q",2
"48",48,"1","3","female",29,"14311",7.75,"Q",1
"49",49,"0","3","male",29,"2662",21.6792,"C",3
"50",50,"0","3","female",18,"349237",17.8,"S",2
"51",51,"0","3","male",7,"3101295",39.6875,"S",6
"52",52,"0","3","male",21,"A/4. 39886",7.8,"S",1
"53",53,"1","1","female",49,"PC 17572",76.7292,"C",2
"54",54,"1","2","female",29,"2926",26,"S",2
"55",55,"0","1","male",65,"113509",61.9792,"C",2
"56",56,"1","1","male",29,"19947",35.5,"S",1
"57",57,"1","2","female",21,"C.A. 31026",10.5,"S",1
"58",58,"0","3","male",28,"2697",7.2292,"C",1
"59",59,"1","2","female",5,"C.A. 34651",27.75,"S",4
"60",60,"0","3","male",11,"CA 2144",46.9,"S",8
"61",61,"0","3","male",22,"2669",7.2292,"C",1
"62",62,"1","1","female",38,"113572",80,"C",1
"63",63,"0","1","male",45,"36973",83.475,"S",2
"64",64,"0","3","male",4,"347088",27.9,"S",6
"65",65,"0","1","male",29,"PC 17605",27.7208,"C",1
"66",66,"1","3","male",29,"2661",15.2458,"C",3
"67",67,"1","2","female",29,"C.A. 29395",10.5,"S",1
"68",68,"0","3","male",19,"S.P. 3464",8.1583,"S",1
"69",69,"1","3","female",17,"3101281",7.925,"S",7
"70",70,"0","3","male",26,"315151",8.6625,"S",3
"71",71,"0","2","male",32,"C.A. 33111",10.5,"S",1
"72",72,"0","3","female",16,"CA 2144",46.9,"S",8
"73",73,"0","2","male",21,"S.O.C. 14879",73.5,"S",1
"74",74,"0","3","male",26,"2680",14.4542,"C",2
"75",75,"1","3","male",32,"1601",56.4958,"S",1
"76",76,"0","3","male",25,"348123",7.65,"S",1
"77",77,"0","3","male",29,"349208",7.8958,"S",1
"78",78,"0","3","male",29,"374746",8.05,"S",1
"79",79,"1","2","male",0,"248738",29,"S",3
"80",80,"1","3","female",30,"364516",12.475,"S",1
"81",81,"0","3","male",22,"345767",9,"S",1
"82",82,"1","3","male",29,"345779",9.5,"S",1
"83",83,"1","3","female",29,"330932",7.7875,"Q",1
"84",84,"0","1","male",28,"113059",47.1,"S",1
"85",85,"1","2","female",17,"SO/C 14885",10.5,"S",1
"86",86,"1","3","female",33,"3101278",15.85,"S",4
"87",87,"0","3","male",16,"W./C. 6608",34.375,"S",5
"88",88,"0","3","male",29,"SOTON/OQ 392086",8.05,"S",1
"89",89,"1","1","female",23,"19950",263,"S",6
"90",90,"0","3","male",24,"343275",8.05,"S",1
"91",91,"0","3","male",29,"343276",8.05,"S",1
"92",92,"0","3","male",20,"347466",7.8542,"S",1
"93",93,"0","1","male",46,"W.E.P. 5734",61.175,"S",2
"94",94,"0","3","male",26,"C.A. 2315",20.575,"S",4
"95",95,"0","3","male",59,"364500",7.25,"S",1
"96",96,"0","3","male",29,"374910",8.05,"S",1
"97",97,"0","1","male",71,"PC 17754",34.6542,"C",1
"98",98,"1","1","male",23,"PC 17759",63.3583,"C",2
"99",99,"1","2","female",34,"231919",23,"S",2
"100",100,"0","2","male",34,"244367",26,"S",2
"101",101,"0","3","female",28,"349245",7.8958,"S",1
"102",102,"0","3","male",29,"349215",7.8958,"S",1
"103",103,"0","1","male",21,"35281",77.2875,"S",2
"104",104,"0","3","male",33,"7540",8.6542,"S",1
"105",105,"0","3","male",37,"3101276",7.925,"S",3
"106",106,"0","3","male",28,"349207",7.8958,"S",1
"107",107,"1","3","female",21,"343120",7.65,"S",1
"108",108,"1","3","male",29,"312991",7.775,"S",1
"109",109,"0","3","male",38,"349249",7.8958,"S",1
"110",110,"1","3","female",29,"371110",24.15,"Q",2
"111",111,"0","1","male",47,"110465",52,"S",1
"112",112,"0","3","female",14,"2665",14.4542,"C",2
"113",113,"0","3","male",22,"324669",8.05,"S",1
"114",114,"0","3","female",20,"4136",9.825,"S",2
"115",115,"0","3","female",17,"2627",14.4583,"C",1
"116",116,"0","3","male",21,"STON/O 2. 3101294",7.925,"S",1
"117",117,"0","3","male",70,"370369",7.75,"Q",1
"118",118,"0","2","male",29,"11668",21,"S",2
"119",119,"0","1","male",24,"PC 17558",247.5208,"C",2
"120",120,"0","3","female",2,"347082",31.275,"S",7
"121",121,"0","2","male",21,"S.O.C. 14879",73.5,"S",3
"122",122,"0","3","male",29,"A4. 54510",8.05,"S",1
"123",123,"0","2","male",32,"237736",30.0708,"C",2
"124",124,"1","2","female",32,"27267",13,"S",1
"125",125,"0","1","male",54,"35281",77.2875,"S",2
"126",126,"1","3","male",12,"2651",11.2417,"C",2
"127",127,"0","3","male",29,"370372",7.75,"Q",1
"128",128,"1","3","male",24,"C 17369",7.1417,"S",1
"129",129,"1","3","female",29,"2668",22.3583,"C",3
"130",130,"0","3","male",45,"347061",6.975,"S",1
"131",131,"0","3","male",33,"349241",7.8958,"C",1
"132",132,"0","3","male",20,"SOTON/O.Q. 3101307",7.05,"S",1
"133",133,"0","3","female",47,"A/5. 3337",14.5,"S",2
"134",134,"1","2","female",29,"228414",26,"S",2
"135",135,"0","2","male",25,"C.A. 29178",13,"S",1
"136",136,"0","2","male",23,"SC/PARIS 2133",15.0458,"C",1
"137",137,"1","1","female",19,"11752",26.2833,"S",3
"138",138,"0","1","male",37,"113803",53.1,"S",2
"139",139,"0","3","male",16,"7534",9.2167,"S",1
"140",140,"0","1","male",24,"PC 17593",79.2,"C",1
"141",141,"0","3","female",29,"2678",15.2458,"C",3
"142",142,"1","3","female",22,"347081",7.75,"S",1
"143",143,"1","3","female",24,"STON/O2. 3101279",15.85,"S",2
"144",144,"0","3","male",19,"365222",6.75,"Q",1
"145",145,"0","2","male",18,"231945",11.5,"S",1
"146",146,"0","2","male",19,"C.A. 33112",36.75,"S",3
"147",147,"1","3","male",27,"350043",7.7958,"S",1
"148",148,"0","3","female",9,"W./C. 6608",34.375,"S",5
"149",149,"0","2","male",36,"230080",26,"S",3
"150",150,"0","2","male",42,"244310",13,"S",1
"151",151,"0","2","male",51,"S.O.P. 1166",12.525,"S",1
"152",152,"1","1","female",22,"113776",66.6,"S",2
"153",153,"0","3","male",55,"A.5. 11206",8.05,"S",1
"154",154,"0","3","male",40,"A/5. 851",14.5,"S",3
"155",155,"0","3","male",29,"Fa 265302",7.3125,"S",1
"156",156,"0","1","male",51,"PC 17597",61.3792,"C",2
"157",157,"1","3","female",16,"35851",7.7333,"Q",1
"158",158,"0","3","male",30,"SOTON/OQ 392090",8.05,"S",1
"159",159,"0","3","male",29,"315037",8.6625,"S",1
"160",160,"0","3","male",29,"CA. 2343",69.55,"S",11
"161",161,"0","3","male",44,"371362",16.1,"S",2
"162",162,"1","2","female",40,"C.A. 33595",15.75,"S",1
"163",163,"0","3","male",26,"347068",7.775,"S",1
"164",164,"0","3","male",17,"315093",8.6625,"S",1
"165",165,"0","3","male",1,"3101295",39.6875,"S",6
"166",166,"1","3","male",9,"363291",20.525,"S",3
"167",167,"1","1","female",29,"113505",55,"S",2
"168",168,"0","3","female",45,"347088",27.9,"S",6
"169",169,"0","1","male",29,"PC 17318",25.925,"S",1
"170",170,"0","3","male",28,"1601",56.4958,"S",1
"171",171,"0","1","male",61,"111240",33.5,"S",1
"172",172,"0","3","male",4,"382652",29.125,"Q",6
"173",173,"1","3","female",1,"347742",11.1333,"S",3
"174",174,"0","3","male",21,"STON/O 2. 3101280",7.925,"S",1
"175",175,"0","1","male",56,"17764",30.6958,"C",1
"176",176,"0","3","male",18,"350404",7.8542,"S",3
"177",177,"0","3","male",29,"4133",25.4667,"S",5
"178",178,"0","1","female",50,"PC 17595",28.7125,"C",1
"179",179,"0","2","male",30,"250653",13,"S",1
"180",180,"0","3","male",36,"LINE",0,"S",1
"181",181,"0","3","female",29,"CA. 2343",69.55,"S",11
"182",182,"0","2","male",29,"SC/PARIS 2131",15.05,"C",1
"183",183,"0","3","male",9,"347077",31.3875,"S",7
"184",184,"1","2","male",1,"230136",39,"S",4
"185",185,"1","3","female",4,"315153",22.025,"S",3
"186",186,"0","1","male",29,"113767",50,"S",1
"187",187,"1","3","female",29,"370365",15.5,"Q",2
"188",188,"1","1","male",45,"111428",26.55,"S",1
"189",189,"0","3","male",40,"364849",15.5,"Q",3
"190",190,"0","3","male",36,"349247",7.8958,"S",1
"191",191,"1","2","female",32,"234604",13,"S",1
"192",192,"0","2","male",19,"28424",13,"S",1
"193",193,"1","3","female",19,"350046",7.8542,"S",2
"194",194,"1","2","male",3,"230080",26,"S",3
"195",195,"1","1","female",44,"PC 17610",27.7208,"C",1
"196",196,"1","1","female",58,"PC 17569",146.5208,"C",1
"197",197,"0","3","male",29,"368703",7.75,"Q",1
"198",198,"0","3","male",42,"4579",8.4042,"S",2
"199",199,"1","3","female",29,"370370",7.75,"Q",1
"200",200,"0","2","female",24,"248747",13,"S",1
"201",201,"0","3","male",28,"345770",9.5,"S",1
"202",202,"0","3","male",29,"CA. 2343",69.55,"S",11
"203",203,"0","3","male",34,"3101264",6.4958,"S",1
"204",204,"0","3","male",45,"2628",7.225,"C",1
"205",205,"1","3","male",18,"A/5 3540",8.05,"S",1
"206",206,"0","3","female",2,"347054",10.4625,"S",2
"207",207,"0","3","male",32,"3101278",15.85,"S",2
"208",208,"1","3","male",26,"2699",18.7875,"C",1
"209",209,"1","3","female",16,"367231",7.75,"Q",1
"210",210,"1","1","male",40,"112277",31,"C",1
"211",211,"0","3","male",24,"SOTON/O.Q. 3101311",7.05,"S",1
"212",212,"1","2","female",35,"F.C.C. 13528",21,"S",1
"213",213,"0","3","male",22,"A/5 21174",7.25,"S",1
"214",214,"0","2","male",30,"250646",13,"S",1
"215",215,"0","3","male",29,"367229",7.75,"Q",2
"216",216,"1","1","female",31,"35273",113.275,"C",2
"217",217,"1","3","female",27,"STON/O2. 3101283",7.925,"S",1
"218",218,"0","2","male",42,"243847",27,"S",2
"219",219,"1","1","female",32,"11813",76.2917,"C",1
"220",220,"0","2","male",30,"W/C 14208",10.5,"S",1
"221",221,"1","3","male",16,"SOTON/OQ 392089",8.05,"S",1
"222",222,"0","2","male",27,"220367",13,"S",1
"223",223,"0","3","male",51,"21440",8.05,"S",1
"224",224,"0","3","male",29,"349234",7.8958,"S",1
"225",225,"1","1","male",38,"19943",90,"S",2
"226",226,"0","3","male",22,"PP 4348",9.35,"S",1
"227",227,"1","2","male",19,"SW/PP 751",10.5,"S",1
"228",228,"0","3","male",20,"A/5 21173",7.25,"S",1
"229",229,"0","2","male",18,"236171",13,"S",1
"230",230,"0","3","female",29,"4133",25.4667,"S",5
"231",231,"1","1","female",35,"36973",83.475,"S",2
"232",232,"0","3","male",29,"347067",7.775,"S",1
"233",233,"0","2","male",59,"237442",13.5,"S",1
"234",234,"1","3","female",5,"347077",31.3875,"S",7
"235",235,"0","2","male",24,"C.A. 29566",10.5,"S",1
"236",236,"0","3","female",29,"W./C. 6609",7.55,"S",1
"237",237,"0","2","male",44,"26707",26,"S",2
"238",238,"1","2","female",8,"C.A. 31921",26.25,"S",3
"239",239,"0","2","male",19,"28665",10.5,"S",1
"240",240,"0","2","male",33,"SCO/W 1585",12.275,"S",1
"241",241,"0","3","female",29,"2665",14.4542,"C",2
"242",242,"1","3","female",29,"367230",15.5,"Q",2
"243",243,"0","2","male",29,"W./C. 14263",10.5,"S",1
"244",244,"0","3","male",22,"STON/O 2. 3101275",7.125,"S",1
"245",245,"0","3","male",30,"2694",7.225,"C",1
"246",246,"0","1","male",44,"19928",90,"Q",3
"247",247,"0","3","female",25,"347071",7.775,"S",1
"248",248,"1","2","female",24,"250649",14.5,"S",3
"249",249,"1","1","male",37,"11751",52.5542,"S",3
"250",250,"0","2","male",54,"244252",26,"S",2
"251",251,"0","3","male",29,"362316",7.25,"S",1
"252",252,"0","3","female",29,"347054",10.4625,"S",3
"253",253,"0","1","male",62,"113514",26.55,"S",1
"254",254,"0","3","male",30,"A/5. 3336",16.1,"S",2
"255",255,"0","3","female",41,"370129",20.2125,"S",3
"256",256,"1","3","female",29,"2650",15.2458,"C",3
"257",257,"1","1","female",29,"PC 17585",79.2,"C",1
"258",258,"1","1","female",30,"110152",86.5,"S",1
"259",259,"1","1","female",35,"PC 17755",512.3292,"C",1
"260",260,"1","2","female",50,"230433",26,"S",2
"261",261,"0","3","male",29,"384461",7.75,"Q",1
"262",262,"1","3","male",3,"347077",31.3875,"S",7
"263",263,"0","1","male",52,"110413",79.65,"S",3
"264",264,"0","1","male",40,"112059",0,"S",1
"265",265,"0","3","female",29,"382649",7.75,"Q",1
"266",266,"0","2","male",36,"C.A. 17248",10.5,"S",1
"267",267,"0","3","male",16,"3101295",39.6875,"S",6
"268",268,"1","3","male",25,"347083",7.775,"S",2
"269",269,"1","1","female",58,"PC 17582",153.4625,"S",2
"270",270,"1","1","female",35,"PC 17760",135.6333,"S",1
"271",271,"0","1","male",29,"113798",31,"S",1
"272",272,"1","3","male",25,"LINE",0,"S",1
"273",273,"1","2","female",41,"250644",19.5,"S",2
"274",274,"0","1","male",37,"PC 17596",29.7,"C",2
"275",275,"1","3","female",29,"370375",7.75,"Q",1
"276",276,"1","1","female",63,"13502",77.9583,"S",2
"277",277,"0","3","female",45,"347073",7.75,"S",1
"278",278,"0","2","male",29,"239853",0,"S",1
"279",279,"0","3","male",7,"382652",29.125,"Q",6
"280",280,"1","3","female",35,"C.A. 2673",20.25,"S",3
"281",281,"0","3","male",65,"336439",7.75,"Q",1
"282",282,"0","3","male",28,"347464",7.8542,"S",1
"283",283,"0","3","male",16,"345778",9.5,"S",1
"284",284,"1","3","male",19,"A/5. 10482",8.05,"S",1
"285",285,"0","1","male",29,"113056",26,"S",1
"286",286,"0","3","male",33,"349239",8.6625,"C",1
"287",287,"1","3","male",30,"345774",9.5,"S",1
"288",288,"0","3","male",22,"349206",7.8958,"S",1
"289",289,"1","2","male",42,"237798",13,"S",1
"290",290,"1","3","female",22,"370373",7.75,"Q",1
"291",291,"1","1","female",26,"19877",78.85,"S",1
"292",292,"1","1","female",19,"11967",91.0792,"C",2
"293",293,"0","2","male",36,"SC/Paris 2163",12.875,"C",1
"294",294,"0","3","female",24,"349236",8.85,"S",1
"295",295,"0","3","male",24,"349233",7.8958,"S",1
"296",296,"0","1","male",29,"PC 17612",27.7208,"C",1
"297",297,"0","3","male",23,"2693",7.2292,"C",1
"298",298,"0","1","female",2,"113781",151.55,"S",4
"299",299,"1","1","male",29,"19988",30.5,"S",1
"300",300,"1","1","female",50,"PC 17558",247.5208,"C",2
"301",301,"1","3","female",29,"9234",7.75,"Q",1
"302",302,"1","3","male",29,"367226",23.25,"Q",3
"303",303,"0","3","male",19,"LINE",0,"S",1
"304",304,"1","2","female",29,"226593",12.35,"Q",1
"305",305,"0","3","male",29,"A/5 2466",8.05,"S",1
"306",306,"1","1","male",0,"113781",151.55,"S",4
"307",307,"1","1","female",29,"17421",110.8833,"C",1
"308",308,"1","1","female",17,"PC 17758",108.9,"C",2
"309",309,"0","2","male",30,"P/PP 3381",24,"C",2
"310",310,"1","1","female",30,"PC 17485",56.9292,"C",1
"311",311,"1","1","female",24,"11767",83.1583,"C",1
"312",312,"1","1","female",18,"PC 17608",262.375,"C",5
"313",313,"0","2","female",26,"250651",26,"S",3
"314",314,"0","3","male",28,"349243",7.8958,"S",1
"315",315,"0","2","male",43,"F.C.C. 13529",26.25,"S",3
"316",316,"1","3","female",26,"347470",7.8542,"S",1
"317",317,"1","2","female",24,"244367",26,"S",2
"318",318,"0","2","male",54,"29011",14,"S",1
"319",319,"1","1","female",31,"36928",164.8667,"S",3
"320",320,"1","1","female",40,"16966",134.5,"C",3
"321",321,"0","3","male",22,"A/5 21172",7.25,"S",1
"322",322,"0","3","male",27,"349219",7.8958,"S",1
"323",323,"1","2","female",30,"234818",12.35,"Q",1
"324",324,"1","2","female",22,"248738",29,"S",3
"325",325,"0","3","male",29,"CA. 2343",69.55,"S",11
"326",326,"1","1","female",36,"PC 17760",135.6333,"C",1
"327",327,"0","3","male",61,"345364",6.2375,"S",1
"328",328,"1","2","female",36,"28551",13,"S",1
"329",329,"1","3","female",31,"363291",20.525,"S",3
"330",330,"1","1","female",16,"111361",57.9792,"C",2
"331",331,"1","3","female",29,"367226",23.25,"Q",3
"332",332,"0","1","male",45,"113043",28.5,"S",1
"333",333,"0","1","male",38,"PC 17582",153.4625,"S",2
"334",334,"0","3","male",16,"345764",18,"S",3
"335",335,"1","1","female",29,"PC 17611",133.65,"S",2
"336",336,"0","3","male",29,"349225",7.8958,"S",1
"337",337,"0","1","male",29,"113776",66.6,"S",2
"338",338,"1","1","female",41,"16966",134.5,"C",1
"339",339,"1","3","male",45,"7598",8.05,"S",1
"340",340,"0","1","male",45,"113784",35.5,"S",1
"341",341,"1","2","male",2,"230080",26,"S",3
"342",342,"1","1","female",24,"19950",263,"S",6
"343",343,"0","2","male",28,"248740",13,"S",1
"344",344,"0","2","male",25,"244361",13,"S",1
"345",345,"0","2","male",36,"229236",13,"S",1
"346",346,"1","2","female",24,"248733",13,"S",1
"347",347,"1","2","female",40,"31418",13,"S",1
"348",348,"1","3","female",29,"386525",16.1,"S",2
"349",349,"1","3","male",3,"C.A. 37671",15.9,"S",3
"350",350,"0","3","male",42,"315088",8.6625,"S",1
"351",351,"0","3","male",23,"7267",9.225,"S",1
"352",352,"0","1","male",29,"113510",35,"S",1
"353",353,"0","3","male",15,"2695",7.2292,"C",3
"354",354,"0","3","male",25,"349237",17.8,"S",2
"355",355,"0","3","male",29,"2647",7.225,"C",1
"356",356,"0","3","male",28,"345783",9.5,"S",1
"357",357,"1","1","female",22,"113505",55,"S",2
"358",358,"0","2","female",38,"237671",13,"S",1
"359",359,"1","3","female",29,"330931",7.8792,"Q",1
"360",360,"1","3","female",29,"330980",7.8792,"Q",1
"361",361,"0","3","male",40,"347088",27.9,"S",6
"362",362,"0","2","male",29,"SC/PARIS 2167",27.7208,"C",2
"363",363,"0","3","female",45,"2691",14.4542,"C",2
"364",364,"0","3","male",35,"SOTON/O.Q. 3101310",7.05,"S",1
"365",365,"0","3","male",29,"370365",15.5,"Q",2
"366",366,"0","3","male",30,"C 7076",7.25,"S",1
"367",367,"1","1","female",60,"110813",75.25,"C",2
"368",368,"1","3","female",29,"2626",7.2292,"C",1
"369",369,"1","3","female",29,"14313",7.75,"Q",1
"370",370,"1","1","female",24,"PC 17477",69.3,"C",1
"371",371,"1","1","male",25,"11765",55.4417,"C",2
"372",372,"0","3","male",18,"3101267",6.4958,"S",2
"373",373,"0","3","male",19,"323951",8.05,"S",1
"374",374,"0","1","male",22,"PC 17760",135.6333,"C",1
"375",375,"0","3","female",3,"349909",21.075,"S",5
"376",376,"1","1","female",29,"PC 17604",82.1708,"C",2
"377",377,"1","3","female",22,"C 7077",7.25,"S",1
"378",378,"0","1","male",27,"113503",211.5,"C",3
"379",379,"0","3","male",20,"2648",4.0125,"C",1
"380",380,"0","3","male",19,"347069",7.775,"S",1
"381",381,"1","1","female",42,"PC 17757",227.525,"C",1
"382",382,"1","3","female",1,"2653",15.7417,"C",3
"383",383,"0","3","male",32,"STON/O 2. 3101293",7.925,"S",1
"384",384,"1","1","female",35,"113789",52,"S",2
"385",385,"0","3","male",29,"349227",7.8958,"S",1
"386",386,"0","2","male",18,"S.O.C. 14879",73.5,"S",1
"387",387,"0","3","male",1,"CA 2144",46.9,"S",8
"388",388,"1","2","female",36,"27849",13,"S",1
"389",389,"0","3","male",29,"367655",7.7292,"Q",1
"390",390,"1","2","female",17,"SC 1748",12,"C",1
"391",391,"1","1","male",36,"113760",120,"S",4
"392",392,"1","3","male",21,"350034",7.7958,"S",1
"393",393,"0","3","male",28,"3101277",7.925,"S",3
"394",394,"1","1","female",23,"35273",113.275,"C",2
"395",395,"1","3","female",24,"PP 9549",16.7,"S",3
"396",396,"0","3","male",22,"350052",7.7958,"S",1
"397",397,"0","3","female",31,"350407",7.8542,"S",1
"398",398,"0","2","male",46,"28403",26,"S",1
"399",399,"0","2","male",23,"244278",10.5,"S",1
"400",400,"1","2","female",28,"240929",12.65,"S",1
"401",401,"1","3","male",39,"STON/O 2. 3101289",7.925,"S",1
"402",402,"0","3","male",26,"341826",8.05,"S",1
"403",403,"0","3","female",21,"4137",9.825,"S",2
"404",404,"0","3","male",28,"STON/O2. 3101279",15.85,"S",2
"405",405,"0","3","female",20,"315096",8.6625,"S",1
"406",406,"0","2","male",34,"28664",21,"S",2
"407",407,"0","3","male",51,"347064",7.75,"S",1
"408",408,"1","2","male",3,"29106",18.75,"S",3
"409",409,"0","3","male",21,"312992",7.775,"S",1
"410",410,"0","3","female",29,"4133",25.4667,"S",5
"411",411,"0","3","male",29,"349222",7.8958,"S",1
"412",412,"0","3","male",29,"394140",6.8583,"Q",1
"413",413,"1","1","female",33,"19928",90,"Q",2
"414",414,"0","2","male",29,"239853",0,"S",1
"415",415,"1","3","male",44,"STON/O 2. 3101269",7.925,"S",1
"416",416,"0","3","female",29,"343095",8.05,"S",1
"417",417,"1","2","female",34,"28220",32.5,"S",3
"418",418,"1","2","female",18,"250652",13,"S",3
"419",419,"0","2","male",30,"28228",13,"S",1
"420",420,"0","3","female",10,"345773",24.15,"S",3
"421",421,"0","3","male",29,"349254",7.8958,"C",1
"422",422,"0","3","male",21,"A/5. 13032",7.7333,"Q",1
"423",423,"0","3","male",29,"315082",7.875,"S",1
"424",424,"0","3","female",28,"347080",14.4,"S",3
"425",425,"0","3","male",18,"370129",20.2125,"S",3
"426",426,"0","3","male",29,"A/4. 34244",7.25,"S",1
"427",427,"1","2","female",28,"2003",26,"S",2
"428",428,"1","2","female",19,"250655",26,"S",1
"429",429,"0","3","male",29,"364851",7.75,"Q",1
"430",430,"1","3","male",32,"SOTON/O.Q. 392078",8.05,"S",1
"431",431,"1","1","male",28,"110564",26.55,"S",1
"432",432,"1","3","female",29,"376564",16.1,"S",2
"433",433,"1","2","female",42,"SC/AH 3085",26,"S",2
"434",434,"0","3","male",17,"STON/O 2. 3101274",7.125,"S",1
"435",435,"0","1","male",50,"13507",55.9,"S",2
"436",436,"1","1","female",14,"113760",120,"S",4
"437",437,"0","3","female",21,"W./C. 6608",34.375,"S",5
"438",438,"1","2","female",24,"29106",18.75,"S",6
"439",439,"0","1","male",64,"19950",263,"S",6
"440",440,"0","2","male",31,"C.A. 18723",10.5,"S",1
"441",441,"1","2","female",45,"F.C.C. 13529",26.25,"S",3
"442",442,"0","3","male",20,"345769",9.5,"S",1
"443",443,"0","3","male",25,"347076",7.775,"S",2
"444",444,"1","2","female",28,"230434",13,"S",1
"445",445,"1","3","male",29,"65306",8.1125,"S",1
"446",446,"1","1","male",4,"33638",81.8583,"S",3
"447",447,"1","2","female",13,"250644",19.5,"S",2
"448",448,"1","1","male",34,"113794",26.55,"S",1
"449",449,"1","3","female",5,"2666",19.2583,"C",4
"450",450,"1","1","male",52,"113786",30.5,"S",1
"451",451,"0","2","male",36,"C.A. 34651",27.75,"S",4
"452",452,"0","3","male",29,"65303",19.9667,"S",2
"453",453,"0","1","male",30,"113051",27.75,"C",1
"454",454,"1","1","male",49,"17453",89.1042,"C",2
"455",455,"0","3","male",29,"A/5 2817",8.05,"S",1
"456",456,"1","3","male",29,"349240",7.8958,"C",1
"457",457,"0","1","male",65,"13509",26.55,"S",1
"458",458,"1","1","female",29,"17464",51.8625,"S",2
"459",459,"1","2","female",50,"F.C.C. 13531",10.5,"S",1
"460",460,"0","3","male",29,"371060",7.75,"Q",1
"461",461,"1","1","male",48,"19952",26.55,"S",1
"462",462,"0","3","male",34,"364506",8.05,"S",1
"463",463,"0","1","male",47,"111320",38.5,"S",1
"464",464,"0","2","male",48,"234360",13,"S",1
"465",465,"0","3","male",29,"A/S 2816",8.05,"S",1
"466",466,"0","3","male",38,"SOTON/O.Q. 3101306",7.05,"S",1
"467",467,"0","2","male",29,"239853",0,"S",1
"468",468,"0","1","male",56,"113792",26.55,"S",1
"469",469,"0","3","male",29,"36209",7.725,"Q",1
"470",470,"1","3","female",0,"2666",19.2583,"C",4
"471",471,"0","3","male",29,"323592",7.25,"S",1
"472",472,"0","3","male",38,"315089",8.6625,"S",1
"473",473,"1","2","female",33,"C.A. 34651",27.75,"S",4
"474",474,"1","2","female",23,"SC/AH Basle 541",13.7917,"C",1
"475",475,"0","3","female",22,"7553",9.8375,"S",1
"476",476,"0","1","male",29,"110465",52,"S",1
"477",477,"0","2","male",34,"31027",21,"S",2
"478",478,"0","3","male",29,"3460",7.0458,"S",2
"479",479,"0","3","male",22,"350060",7.5208,"S",1
"480",480,"1","3","female",2,"3101298",12.2875,"S",2
"481",481,"0","3","male",9,"CA 2144",46.9,"S",8
"482",482,"0","2","male",29,"239854",0,"S",1
"483",483,"0","3","male",50,"A/5 3594",8.05,"S",1
"484",484,"1","3","female",63,"4134",9.5875,"S",1
"485",485,"1","1","male",25,"11967",91.0792,"C",2
"486",486,"0","3","female",29,"4133",25.4667,"S",5
"487",487,"1","1","female",35,"19943",90,"S",2
"488",488,"0","1","male",58,"11771",29.7,"C",1
"489",489,"0","3","male",30,"A.5. 18509",8.05,"S",1
"490",490,"1","3","male",9,"C.A. 37671",15.9,"S",3
"491",491,"0","3","male",29,"65304",19.9667,"S",2
"492",492,"0","3","male",21,"SOTON/OQ 3101317",7.25,"S",1
"493",493,"0","1","male",55,"113787",30.5,"S",1
"494",494,"0","1","male",71,"PC 17609",49.5042,"C",1
"495",495,"0","3","male",21,"A/4 45380",8.05,"S",1
"496",496,"0","3","male",29,"2627",14.4583,"C",1
"497",497,"1","1","female",54,"36947",78.2667,"C",2
"498",498,"0","3","male",29,"C.A. 6212",15.1,"S",1
"499",499,"0","1","female",25,"113781",151.55,"S",4
"500",500,"0","3","male",24,"350035",7.7958,"S",1
"501",501,"0","3","male",17,"315086",8.6625,"S",1
"502",502,"0","3","female",21,"364846",7.75,"Q",1
"503",503,"0","3","female",29,"330909",7.6292,"Q",1
"504",504,"0","3","female",37,"4135",9.5875,"S",1
"505",505,"1","1","female",16,"110152",86.5,"S",1
"506",506,"0","1","male",18,"PC 17758",108.9,"C",2
"507",507,"1","2","female",33,"26360",26,"S",3
"508",508,"1","1","male",29,"111427",26.55,"S",1
"509",509,"0","3","male",28,"C 4001",22.525,"S",1
"510",510,"1","3","male",26,"1601",56.4958,"S",1
"511",511,"1","3","male",29,"382651",7.75,"Q",1
"512",512,"0","3","male",29,"SOTON/OQ 3101316",8.05,"S",1
"513",513,"1","1","male",36,"PC 17473",26.2875,"S",1
"514",514,"1","1","female",54,"PC 17603",59.4,"C",2
"515",515,"0","3","male",24,"349209",7.4958,"S",1
"516",516,"0","1","male",47,"36967",34.0208,"S",1
"517",517,"1","2","female",34,"C.A. 34260",10.5,"S",1
"518",518,"0","3","male",29,"371110",24.15,"Q",1
"519",519,"1","2","female",36,"226875",26,"S",2
"520",520,"0","3","male",32,"349242",7.8958,"S",1
"521",521,"1","1","female",30,"12749",93.5,"S",1
"522",522,"0","3","male",22,"349252",7.8958,"S",1
"523",523,"0","3","male",29,"2624",7.225,"C",1
"524",524,"1","1","female",44,"111361",57.9792,"C",2
"525",525,"0","3","male",29,"2700",7.2292,"C",1
"526",526,"0","3","male",40,"367232",7.75,"Q",1
"527",527,"1","2","female",50,"W./C. 14258",10.5,"S",1
"528",528,"0","1","male",29,"PC 17483",221.7792,"S",1
"529",529,"0","3","male",39,"3101296",7.925,"S",1
"530",530,"0","2","male",23,"29104",11.5,"S",4
"531",531,"1","2","female",2,"26360",26,"S",3
"532",532,"0","3","male",29,"2641",7.2292,"C",1
"533",533,"0","3","male",17,"2690",7.2292,"C",3
"534",534,"1","3","female",29,"2668",22.3583,"C",3
"535",535,"0","3","female",30,"315084",8.6625,"S",1
"536",536,"1","2","female",7,"F.C.C. 13529",26.25,"S",3
"537",537,"0","1","male",45,"113050",26.55,"S",1
"538",538,"1","1","female",30,"PC 17761",106.425,"C",1
"539",539,"0","3","male",29,"364498",14.5,"S",1
"540",540,"1","1","female",22,"13568",49.5,"C",3
"541",541,"1","1","female",36,"WE/P 5735",71,"S",3
"542",542,"0","3","female",9,"347082",31.275,"S",7
"543",543,"0","3","female",11,"347082",31.275,"S",7
"544",544,"1","2","male",32,"2908",26,"S",2
"545",545,"0","1","male",50,"PC 17761",106.425,"C",2
"546",546,"0","1","male",64,"693",26,"S",1
"547",547,"1","2","female",19,"2908",26,"S",2
"548",548,"1","2","male",29,"SC/PARIS 2146",13.8625,"C",1
"549",549,"0","3","male",33,"363291",20.525,"S",3
"550",550,"1","2","male",8,"C.A. 33112",36.75,"S",3
"551",551,"1","1","male",17,"17421",110.8833,"C",3
"552",552,"0","2","male",27,"244358",26,"S",1
"553",553,"0","3","male",29,"330979",7.8292,"Q",1
"554",554,"1","3","male",22,"2620",7.225,"C",1
"555",555,"1","3","female",22,"347085",7.775,"S",1
"556",556,"0","1","male",62,"113807",26.55,"S",1
"557",557,"1","1","female",48,"11755",39.6,"C",2
"558",558,"0","1","male",29,"PC 17757",227.525,"C",1
"559",559,"1","1","female",39,"110413",79.65,"S",3
"560",560,"1","3","female",36,"345572",17.4,"S",2
"561",561,"0","3","male",29,"372622",7.75,"Q",1
"562",562,"0","3","male",40,"349251",7.8958,"S",1
"563",563,"0","2","male",28,"218629",13.5,"S",1
"564",564,"0","3","male",29,"SOTON/OQ 392082",8.05,"S",1
"565",565,"0","3","female",29,"SOTON/O.Q. 392087",8.05,"S",1
"566",566,"0","3","male",24,"A/4 48871",24.15,"S",3
"567",567,"0","3","male",19,"349205",7.8958,"S",1
"568",568,"0","3","female",29,"349909",21.075,"S",5
"569",569,"0","3","male",29,"2686",7.2292,"C",1
"570",570,"1","3","male",32,"350417",7.8542,"S",1
"571",571,"1","2","male",62,"S.W./PP 752",10.5,"S",1
"572",572,"1","1","female",53,"11769",51.4792,"S",3
"573",573,"1","1","male",36,"PC 17474",26.3875,"S",1
"574",574,"1","3","female",29,"14312",7.75,"Q",1
"575",575,"0","3","male",16,"A/4. 20589",8.05,"S",1
"576",576,"0","3","male",19,"358585",14.5,"S",1
"577",577,"1","2","female",34,"243880",13,"S",1
"578",578,"1","1","female",39,"13507",55.9,"S",2
"579",579,"0","3","female",29,"2689",14.4583,"C",2
"580",580,"1","3","male",32,"STON/O 2. 3101286",7.925,"S",1
"581",581,"1","2","female",25,"237789",30,"S",3
"582",582,"1","1","female",39,"17421",110.8833,"C",3
"583",583,"0","2","male",54,"28403",26,"S",1
"584",584,"0","1","male",36,"13049",40.125,"C",1
"585",585,"0","3","male",29,"3411",8.7125,"C",1
"586",586,"1","1","female",18,"110413",79.65,"S",3
"587",587,"0","2","male",47,"237565",15,"S",1
"588",588,"1","1","male",60,"13567",79.2,"C",3
"589",589,"0","3","male",22,"14973",8.05,"S",1
"590",590,"0","3","male",29,"A./5. 3235",8.05,"S",1
"591",591,"0","3","male",35,"STON/O 2. 3101273",7.125,"S",1
"592",592,"1","1","female",52,"36947",78.2667,"C",2
"593",593,"0","3","male",47,"A/5 3902",7.25,"S",1
"594",594,"0","3","female",29,"364848",7.75,"Q",3
"595",595,"0","2","male",37,"SC/AH 29037",26,"S",2
"596",596,"0","3","male",36,"345773",24.15,"S",3
"597",597,"1","2","female",29,"248727",33,"S",1
"598",598,"0","3","male",49,"LINE",0,"S",1
"599",599,"0","3","male",29,"2664",7.225,"C",1
"600",600,"1","1","male",49,"PC 17485",56.9292,"C",2
"601",601,"1","2","female",24,"243847",27,"S",4
"602",602,"0","3","male",29,"349214",7.8958,"S",1
"603",603,"0","1","male",29,"113796",42.4,"S",1
"604",604,"0","3","male",44,"364511",8.05,"S",1
"605",605,"1","1","male",35,"111426",26.55,"C",1
"606",606,"0","3","male",36,"349910",15.55,"S",2
"607",607,"0","3","male",30,"349246",7.8958,"S",1
"608",608,"1","1","male",27,"113804",30.5,"S",1
"609",609,"1","2","female",22,"SC/Paris 2123",41.5792,"C",4
"610",610,"1","1","female",40,"PC 17582",153.4625,"S",1
"611",611,"0","3","female",39,"347082",31.275,"S",7
"612",612,"0","3","male",29,"SOTON/O.Q. 3101305",7.05,"S",1
"613",613,"1","3","female",29,"367230",15.5,"Q",2
"614",614,"0","3","male",29,"370377",7.75,"Q",1
"615",615,"0","3","male",35,"364512",8.05,"S",1
"616",616,"1","2","female",24,"220845",65,"S",4
"617",617,"0","3","male",34,"347080",14.4,"S",3
"618",618,"0","3","female",26,"A/5. 3336",16.1,"S",2
"619",619,"1","2","female",4,"230136",39,"S",4
"620",620,"0","2","male",26,"31028",10.5,"S",1
"621",621,"0","3","male",27,"2659",14.4542,"C",2
"622",622,"1","1","male",42,"11753",52.5542,"S",2
"623",623,"1","3","male",20,"2653",15.7417,"C",3
"624",624,"0","3","male",21,"350029",7.8542,"S",1
"625",625,"0","3","male",21,"54636",16.1,"S",1
"626",626,"0","1","male",61,"36963",32.3208,"S",1
"627",627,"0","2","male",57,"219533",12.35,"Q",1
"628",628,"1","1","female",21,"13502",77.9583,"S",1
"629",629,"0","3","male",26,"349224",7.8958,"S",1
"630",630,"0","3","male",29,"334912",7.7333,"Q",1
"631",631,"1","1","male",80,"27042",30,"S",1
"632",632,"0","3","male",51,"347743",7.0542,"S",1
"633",633,"1","1","male",32,"13214",30.5,"C",1
"634",634,"0","1","male",29,"112052",0,"S",1
"635",635,"0","3","female",9,"347088",27.9,"S",6
"636",636,"1","2","female",28,"237668",13,"S",1
"637",637,"0","3","male",32,"STON/O 2. 3101292",7.925,"S",1
"638",638,"0","2","male",31,"C.A. 31921",26.25,"S",3
"639",639,"0","3","female",41,"3101295",39.6875,"S",6
"640",640,"0","3","male",29,"376564",16.1,"S",2
"641",641,"0","3","male",20,"350050",7.8542,"S",1
"642",642,"1","1","female",24,"PC 17477",69.3,"C",1
"643",643,"0","3","female",2,"347088",27.9,"S",6
"644",644,"1","3","male",29,"1601",56.4958,"S",1
"645",645,"1","3","female",0,"2666",19.2583,"C",4
"646",646,"1","1","male",48,"PC 17572",76.7292,"C",2
"647",647,"0","3","male",19,"349231",7.8958,"S",1
"648",648,"1","1","male",56,"13213",35.5,"C",1
"649",649,"0","3","male",29,"S.O./P.P. 751",7.55,"S",1
"650",650,"1","3","female",23,"CA. 2314",7.55,"S",1
"651",651,"0","3","male",29,"349221",7.8958,"S",1
"652",652,"1","2","female",18,"231919",23,"S",2
"653",653,"0","3","male",21,"8475",8.4333,"S",1
"654",654,"1","3","female",29,"330919",7.8292,"Q",1
"655",655,"0","3","female",18,"365226",6.75,"Q",1
"656",656,"0","2","male",24,"S.O.C. 14879",73.5,"S",3
"657",657,"0","3","male",29,"349223",7.8958,"S",1
"658",658,"0","3","female",32,"364849",15.5,"Q",3
"659",659,"0","2","male",23,"29751",13,"S",1
"660",660,"0","1","male",58,"35273",113.275,"C",3
"661",661,"1","1","male",50,"PC 17611",133.65,"S",3
"662",662,"0","3","male",40,"2623",7.225,"C",1
"663",663,"0","1","male",47,"5727",25.5875,"S",1
"664",664,"0","3","male",36,"349210",7.4958,"S",1
"665",665,"1","3","male",20,"STON/O 2. 3101285",7.925,"S",2
"666",666,"0","2","male",32,"S.O.C. 14879",73.5,"S",3
"667",667,"0","2","male",25,"234686",13,"S",1
"668",668,"0","3","male",29,"312993",7.775,"S",1
"669",669,"0","3","male",43,"A/5 3536",8.05,"S",1
"670",670,"1","1","female",29,"19996",52,"S",2
"671",671,"1","2","female",40,"29750",39,"S",3
"672",672,"0","1","male",31,"F.C. 12750",52,"S",2
"673",673,"0","2","male",70,"C.A. 24580",10.5,"S",1
"674",674,"1","2","male",31,"244270",13,"S",1
"675",675,"0","2","male",29,"239856",0,"S",1
"676",676,"0","3","male",18,"349912",7.775,"S",1
"677",677,"0","3","male",24,"342826",8.05,"S",1
"678",678,"1","3","female",18,"4138",9.8417,"S",1
"679",679,"0","3","female",43,"CA 2144",46.9,"S",8
"680",680,"1","1","male",36,"PC 17755",512.3292,"C",2
"681",681,"0","3","female",29,"330935",8.1375,"Q",1
"682",682,"1","1","male",27,"PC 17572",76.7292,"C",1
"683",683,"0","3","male",20,"6563",9.225,"S",1
"684",684,"0","3","male",14,"CA 2144",46.9,"S",8
"685",685,"0","2","male",60,"29750",39,"S",3
"686",686,"0","2","male",25,"SC/Paris 2123",41.5792,"C",4
"687",687,"0","3","male",14,"3101295",39.6875,"S",6
"688",688,"0","3","male",19,"349228",10.1708,"S",1
"689",689,"0","3","male",18,"350036",7.7958,"S",1
"690",690,"1","1","female",15,"24160",211.3375,"S",2
"691",691,"1","1","male",31,"17474",57,"S",2
"692",692,"1","3","female",4,"349256",13.4167,"C",2
"693",693,"1","3","male",29,"1601",56.4958,"S",1
"694",694,"0","3","male",25,"2672",7.225,"C",1
"695",695,"0","1","male",60,"113800",26.55,"S",1
"696",696,"0","2","male",52,"248731",13.5,"S",1
"697",697,"0","3","male",44,"363592",8.05,"S",1
"698",698,"1","3","female",29,"35852",7.7333,"Q",1
"699",699,"0","1","male",49,"17421",110.8833,"C",3
"700",700,"0","3","male",42,"348121",7.65,"S",1
"701",701,"1","1","female",18,"PC 17757",227.525,"C",2
"702",702,"1","1","male",35,"PC 17475",26.2875,"S",1
"703",703,"0","3","female",18,"2691",14.4542,"C",2
"704",704,"0","3","male",25,"36864",7.7417,"Q",1
"705",705,"0","3","male",26,"350025",7.8542,"S",2
"706",706,"0","2","male",39,"250655",26,"S",1
"707",707,"1","2","female",45,"223596",13.5,"S",1
"708",708,"1","1","male",42,"PC 17476",26.2875,"S",1
"709",709,"1","1","female",22,"113781",151.55,"S",1
"710",710,"1","3","male",29,"2661",15.2458,"C",3
"711",711,"1","1","female",24,"PC 17482",49.5042,"C",1
"712",712,"0","1","male",29,"113028",26.55,"S",1
"713",713,"1","1","male",48,"19996",52,"S",2
"714",714,"0","3","male",29,"7545",9.4833,"S",1
"715",715,"0","2","male",52,"250647",13,"S",1
"716",716,"0","3","male",19,"348124",7.65,"S",1
"717",717,"1","1","female",38,"PC 17757",227.525,"C",1
"718",718,"1","2","female",27,"34218",10.5,"S",1
"719",719,"0","3","male",29,"36568",15.5,"Q",1
"720",720,"0","3","male",33,"347062",7.775,"S",1
"721",721,"1","2","female",6,"248727",33,"S",2
"722",722,"0","3","male",17,"350048",7.0542,"S",2
"723",723,"0","2","male",34,"12233",13,"S",1
"724",724,"0","2","male",50,"250643",13,"S",1
"725",725,"1","1","male",27,"113806",53.1,"S",2
"726",726,"0","3","male",20,"315094",8.6625,"S",1
"727",727,"1","2","female",30,"31027",21,"S",4
"728",728,"1","3","female",29,"36866",7.7375,"Q",1
"729",729,"0","2","male",25,"236853",26,"S",2
"730",730,"0","3","female",25,"STON/O2. 3101271",7.925,"S",2
"731",731,"1","1","female",29,"24160",211.3375,"S",1
"732",732,"0","3","male",11,"2699",18.7875,"C",1
"733",733,"0","2","male",29,"239855",0,"S",1
"734",734,"0","2","male",23,"28425",13,"S",1
"735",735,"0","2","male",23,"233639",13,"S",1
"736",736,"0","3","male",28,"54636",16.1,"S",1
"737",737,"0","3","female",48,"W./C. 6608",34.375,"S",5
"738",738,"1","1","male",35,"PC 17755",512.3292,"C",1
"739",739,"0","3","male",29,"349201",7.8958,"S",1
"740",740,"0","3","male",29,"349218",7.8958,"S",1
"741",741,"1","1","male",29,"16988",30,"S",1
"742",742,"0","1","male",36,"19877",78.85,"S",2
"743",743,"1","1","female",21,"PC 17608",262.375,"C",5
"744",744,"0","3","male",24,"376566",16.1,"S",2
"745",745,"1","3","male",31,"STON/O 2. 3101288",7.925,"S",1
"746",746,"0","1","male",70,"WE/P 5735",71,"S",3
"747",747,"0","3","male",16,"C.A. 2673",20.25,"S",3
"748",748,"1","2","female",30,"250648",13,"S",1
"749",749,"0","1","male",19,"113773",53.1,"S",2
"750",750,"0","3","male",31,"335097",7.75,"Q",1
"751",751,"1","2","female",4,"29103",23,"S",3
"752",752,"1","3","male",6,"392096",12.475,"S",2
"753",753,"0","3","male",33,"345780",9.5,"S",1
"754",754,"0","3","male",23,"349204",7.8958,"S",1
"755",755,"1","2","female",48,"220845",65,"S",4
"756",756,"1","2","male",0,"250649",14.5,"S",3
"757",757,"0","3","male",28,"350042",7.7958,"S",1
"758",758,"0","2","male",18,"29108",11.5,"S",1
"759",759,"0","3","male",34,"363294",8.05,"S",1
"760",760,"1","1","female",33,"110152",86.5,"S",1
"761",761,"0","3","male",29,"358585",14.5,"S",1
"762",762,"0","3","male",41,"SOTON/O2 3101272",7.125,"S",1
"763",763,"1","3","male",20,"2663",7.2292,"C",1
"764",764,"1","1","female",36,"113760",120,"S",4
"765",765,"0","3","male",16,"347074",7.775,"S",1
"766",766,"1","1","female",51,"13502",77.9583,"S",2
"767",767,"0","1","male",29,"112379",39.6,"C",1
"768",768,"0","3","female",30,"364850",7.75,"Q",1
"769",769,"0","3","male",29,"371110",24.15,"Q",2
"770",770,"0","3","male",32,"8471",8.3625,"S",1
"771",771,"0","3","male",24,"345781",9.5,"S",1
"772",772,"0","3","male",48,"350047",7.8542,"S",1
"773",773,"0","2","female",57,"S.O./P.P. 3",10.5,"S",1
"774",774,"0","3","male",29,"2674",7.225,"C",1
"775",775,"1","2","female",54,"29105",23,"S",5
"776",776,"0","3","male",18,"347078",7.75,"S",1
"777",777,"0","3","male",29,"383121",7.75,"Q",1
"778",778,"1","3","female",5,"364516",12.475,"S",1
"779",779,"0","3","male",29,"36865",7.7375,"Q",1
"780",780,"1","1","female",43,"24160",211.3375,"S",2
"781",781,"1","3","female",13,"2687",7.2292,"C",1
"782",782,"1","1","female",17,"17474",57,"S",2
"783",783,"0","1","male",29,"113501",30,"S",1
"784",784,"0","3","male",29,"W./C. 6607",23.45,"S",4
"785",785,"0","3","male",25,"SOTON/O.Q. 3101312",7.05,"S",1
"786",786,"0","3","male",25,"374887",7.25,"S",1
"787",787,"1","3","female",18,"3101265",7.4958,"S",1
"788",788,"0","3","male",8,"382652",29.125,"Q",6
"789",789,"1","3","male",1,"C.A. 2315",20.575,"S",4
"790",790,"0","1","male",46,"PC 17593",79.2,"C",1
"791",791,"0","3","male",29,"12460",7.75,"Q",1
"792",792,"0","2","male",16,"239865",26,"S",1
"793",793,"0","3","female",29,"CA. 2343",69.55,"S",11
"794",794,"0","1","male",29,"PC 17600",30.6958,"C",1
"795",795,"0","3","male",25,"349203",7.8958,"S",1
"796",796,"0","2","male",39,"28213",13,"S",1
"797",797,"1","1","female",49,"17465",25.9292,"S",1
"798",798,"1","3","female",31,"349244",8.6833,"S",1
"799",799,"0","3","male",30,"2685",7.2292,"C",1
"800",800,"0","3","female",30,"345773",24.15,"S",3
"801",801,"0","2","male",34,"250647",13,"S",1
"802",802,"1","2","female",31,"C.A. 31921",26.25,"S",3
"803",803,"1","1","male",11,"113760",120,"S",4
"804",804,"1","3","male",0,"2625",8.5167,"C",2
"805",805,"1","3","male",27,"347089",6.975,"S",1
"806",806,"0","3","male",31,"347063",7.775,"S",1
"807",807,"0","1","male",39,"112050",0,"S",1
"808",808,"0","3","female",18,"347087",7.775,"S",1
"809",809,"0","2","male",39,"248723",13,"S",1
"810",810,"1","1","female",33,"113806",53.1,"S",2
"811",811,"0","3","male",26,"3474",7.8875,"S",1
"812",812,"0","3","male",39,"A/4 48871",24.15,"S",1
"813",813,"0","2","male",35,"28206",10.5,"S",1
"814",814,"0","3","female",6,"347082",31.275,"S",7
"815",815,"0","3","male",30,"364499",8.05,"S",1
"816",816,"0","1","male",29,"112058",0,"S",1
"817",817,"0","3","female",23,"STON/O2. 3101290",7.925,"S",1
"818",818,"0","2","male",31,"S.C./PARIS 2079",37.0042,"C",3
"819",819,"0","3","male",43,"C 7075",6.45,"S",1
"820",820,"0","3","male",10,"347088",27.9,"S",6
"821",821,"1","1","female",52,"12749",93.5,"S",3
"822",822,"1","3","male",27,"315098",8.6625,"S",1
"823",823,"0","1","male",38,"19972",0,"S",1
"824",824,"1","3","female",27,"392096",12.475,"S",2
"825",825,"0","3","male",2,"3101295",39.6875,"S",6
"826",826,"0","3","male",29,"368323",6.95,"Q",1
"827",827,"0","3","male",29,"1601",56.4958,"S",1
"828",828,"1","2","male",1,"S.C./PARIS 2079",37.0042,"C",3
"829",829,"1","3","male",29,"367228",7.75,"Q",1
"830",830,"1","1","female",62,"113572",80,"C",1
"831",831,"1","3","female",15,"2659",14.4542,"C",2
"832",832,"1","2","male",0,"29106",18.75,"S",3
"833",833,"0","3","male",29,"2671",7.2292,"C",1
"834",834,"0","3","male",23,"347468",7.8542,"S",1
"835",835,"0","3","male",18,"2223",8.3,"S",1
"836",836,"1","1","female",39,"PC 17756",83.1583,"C",3
"837",837,"0","3","male",21,"315097",8.6625,"S",1
"838",838,"0","3","male",29,"392092",8.05,"S",1
"839",839,"1","3","male",32,"1601",56.4958,"S",1
"840",840,"1","1","male",29,"11774",29.7,"C",1
"841",841,"0","3","male",20,"SOTON/O2 3101287",7.925,"S",1
"842",842,"0","2","male",16,"S.O./P.P. 3",10.5,"S",1
"843",843,"1","1","female",30,"113798",31,"C",1
"844",844,"0","3","male",34,"2683",6.4375,"C",1
"845",845,"0","3","male",17,"315090",8.6625,"S",1
"846",846,"0","3","male",42,"C.A. 5547",7.55,"S",1
"847",847,"0","3","male",29,"CA. 2343",69.55,"S",11
"848",848,"0","3","male",35,"349213",7.8958,"C",1
"849",849,"0","2","male",28,"248727",33,"S",2
"850",850,"1","1","female",29,"17453",89.1042,"C",2
"851",851,"0","3","male",4,"347082",31.275,"S",7
"852",852,"0","3","male",74,"347060",7.775,"S",1
"853",853,"0","3","female",9,"2678",15.2458,"C",3
"854",854,"1","1","female",16,"PC 17592",39.4,"S",2
"855",855,"0","2","female",44,"244252",26,"S",2
"856",856,"1","3","female",18,"392091",9.35,"S",2
"857",857,"1","1","female",45,"36928",164.8667,"S",3
"858",858,"1","1","male",51,"113055",26.55,"S",1
"859",859,"1","3","female",24,"2666",19.2583,"C",4
"860",860,"0","3","male",29,"2629",7.2292,"C",1
"861",861,"0","3","male",41,"350026",14.1083,"S",3
"862",862,"0","2","male",21,"28134",11.5,"S",2
"863",863,"1","1","female",48,"17466",25.9292,"S",1
"864",864,"0","3","female",29,"CA. 2343",69.55,"S",11
"865",865,"0","2","male",24,"233866",13,"S",1
"866",866,"1","2","female",42,"236852",13,"S",1
"867",867,"1","2","female",27,"SC/PARIS 2149",13.8583,"C",2
"868",868,"0","1","male",31,"PC 17590",50.4958,"S",1
"869",869,"0","3","male",29,"345777",9.5,"S",1
"870",870,"1","3","male",4,"347742",11.1333,"S",3
"871",871,"0","3","male",26,"349248",7.8958,"S",1
"872",872,"1","1","female",47,"11751",52.5542,"S",3
"873",873,"0","1","male",33,"695",5,"S",1
"874",874,"0","3","male",47,"345765",9,"S",1
"875",875,"1","2","female",28,"P/PP 3381",24,"C",2
"876",876,"1","3","female",15,"2667",7.225,"C",1
"877",877,"0","3","male",20,"7534",9.8458,"S",1
"878",878,"0","3","male",19,"349212",7.8958,"S",1
"879",879,"0","3","male",29,"349217",7.8958,"S",1
"880",880,"1","1","female",56,"11767",83.1583,"C",2
"881",881,"1","2","female",25,"230433",26,"S",2
"882",882,"0","3","male",33,"349257",7.8958,"S",1
"883",883,"0","3","female",22,"7552",10.5167,"S",1
"884",884,"0","2","male",28,"C.A./SOTON 34068",10.5,"S",1
"885",885,"0","3","male",25,"SOTON/OQ 392076",7.05,"S",1
"886",886,"0","3","female",39,"382652",29.125,"Q",6
"887",887,"0","2","male",27,"211536",13,"S",1
"888",888,"1","1","female",19,"112053",30,"S",1
"889",889,"0","3","female",29,"W./C. 6607",23.45,"S",4
"890",890,"1","1","male",26,"111369",30,"C",1
"891",891,"0","3","male",32,"370376",7.75,"Q",1
